Player,Class,Season,Pos,School,Conf,G,MP,FG,FGA,2P,2PA,3P,3PA,FT,FTA,ORB,DRB,TRB,AST,STL,BLK,TOV,PF,PTSJimmer Fredette\jimmer-fredette-1,SR,2010-11,G,Brigham Young,MWC,37,1323,346,765,222,452,124,313,252,282,24,103,127,160,49,1,131,49,1068Glenn Robinson\glenn-robinson-1,JR,1993-94,F,Purdue,Big Ten,34,1166,368,762,289,554,79,208,215,270,,,344,66,56,31,139,88,1030Stephen Curry\stephen-curry-1,JR,2008-09,G,Davidson,Southern,34,,312,687,182,351,130,336,220,251,,,151,189,86,8,126,,974Kemba Walker\kemba-walker-1,JR,2010-11,G,Connecticut,Big East,41,1543,316,739,241,512,75,227,258,315,53,170,223,184,77,7,93,56,965J.J. Redick\jj-redick-1,SR,2005-06,G,Duke,ACC,36,1336,302,643,163,313,139,330,221,256,,,71,95,52,2,,,964Trey Johnson\trey-johnson-1,SR,2006-07,G,Jackson State,SWAC,35,1323,311,752,232,515,79,237,246,331,,,158,90,32,3,,,947Reggie Hamilton\reggie-hamilton-1,SR,2011-12,G,Oakland,Summit,36,1284,281,630,163,349,118,281,262,299,26,111,137,185,72,2,134,101,942Doug McDermott\doug-mcdermott-1,SR,2013-14,F,Creighton,Big East,35,1181,330,627,234,413,96,214,178,206,57,187,244,55,8,5,62,67,934Stephen Curry\stephen-curry-1,SO,2007-08,G,Davidson,Southern,36,,317,656,155,287,162,369,135,151,,,165,104,73,14,93,,931Reggie Williams\reggie-williams-3,JR,2006-07,F,Virginia Military Institute,Big South,33,,338,636,262,398,76,238,176,267,,,263,146,55,10,,,928Allen Iverson\allen-iverson-1,SO,1995-96,G,Georgetown,Big East,37,1213,312,650,225,412,87,238,215,317,,,141,173,124,16,139,88,926Adam Morrison\adam-morrison-1,JR,2005-06,F,Gonzaga,WCC,33,1205,306,617,232,444,74,173,240,311,,,182,56,35,11,,,926Buddy Hield\buddy-hield-1,SR,2015-16,G,Oklahoma,Big 12,37,1309,301,601,154,279,147,322,176,200,46,166,212,75,42,18,113,76,925Stefon Jackson\stefon-jackson-1,SR,2008-09,G,Texas-El Paso,CUSA,37,,282,660,250,556,32,104,312,374,,,200,71,39,4,78,,908Lindsey Hunter\lindsey-hunter-1,SR,1992-93,G,Jackson State,SWAC,34,1152,320,777,208,449,112,328,155,201,,,115,115,89,14,94,63,907Kevin Durant\kevin-durant-1,FR,2006-07,F,Texas,Big 12,35,1255,306,647,224,444,82,203,209,256,,,390,46,66,67,,,903Charles Jones\charles-jones-2,JR,1996-97,G,Long Island University,NEC,30,1119,338,750,229,447,109,303,118,186,,,180,139,70,7,,,903Aubrey Coleman\aubrey-coleman-1,SR,2009-10,G,Houston,CUSA,35,1293,305,717,254,556,51,161,235,319,85,174,259,90,93,6,81,76,896Tyler Hansbrough\tyler-hansbrough-1,JR,2007-08,F,North Carolina,ACC,39,,289,535,289,528,0,7,304,377,,,399,35,59,14,83,,882Lester Hudson\lester-hudson-1,SR,2008-09,G,Tennessee-Martin,OVC,32,,313,697,207,398,106,299,148,168,,,254,135,75,18,106,,880Andrew Goudelock\andrew-goudelock-1,SR,2010-11,G,College of Charleston,Southern,37,1302,318,699,187,377,131,322,110,134,25,118,143,157,33,7,119,66,877T.J. Warren\tj-warren-1,SO,2013-14,F,North Carolina State,ACC,35,1238,342,652,311,536,31,116,156,226,113,137,250,40,63,21,83,97,871Charles Jones\charles-jones-2,SR,1997-98,G,Long Island University,NEC,30,,326,720,210,383,116,337,101,158,,,156,221,87,8,,,869Michael Beasley\michael-beasley-1,FR,2007-08,F,Kansas State,Big 12,33,1041,307,577,271,482,36,95,216,279,,,408,38,42,54,95,,866Doremus Bennerman\doremus-bennerman-1,SR,1993-94,G,Siena,MAAC,33,,254,577,152,328,102,249,248,286,,,137,182,50,5,,,858Jodie Meeks\jodie-meeks-1,JR,2008-09,G,Kentucky,SEC,36,,263,568,146,280,117,288,211,234,,,122,63,48,5,96,,854Kay Felder\kahlil-felder-1,JR,2015-16,G,Oakland,Horizon,35,1286,269,612,193,398,76,214,239,282,26,123,149,324,69,7,120,104,853Donyell Marshall\donyell-marshall-1,JR,1993-94,F,Connecticut,Big East,34,1157,306,599,265,467,41,132,200,266,,,302,56,43,108,98,70,853Khalid Reeves\khalid-reeves-1,SR,1993-94,G,Arizona,Pac-10,35,1113,276,572,191,348,85,224,211,264,,,150,103,64,4,85,88,848Lester Hudson\lester-hudson-1,JR,2007-08,G,Tennessee-Martin,OVC,33,,291,627,167,307,124,320,141,169,,,259,148,94,22,126,,847Antoine Mason\antoine-mason-1,JR,2013-14,G,Niagara,MAAC,33,1242,269,612,221,444,48,168,260,357,32,86,118,51,40,5,91,95,846John Wallace\john-wallace-1,SR,1995-96,F,Syracuse,Big East,38,1379,293,599,256,511,37,88,222,291,,,329,90,44,63,122,94,845Morris Almond\morris-almond-1,SR,2006-07,G,Rice,CUSA,32,1069,263,544,186,375,77,169,241,285,,,210,37,38,24,,,844Marcus Fizer\marcus-fizer-1,JR,1999-00,F,Iowa State,Big 12,37,1243,327,562,312,520,15,42,175,239,,,285,41,29,39,77,103,844Jay Williams\jay-williams-1,SO,2000-01,G,Duke,ACC,39,1240,285,603,153,294,132,309,139,211,,,128,237,78,5,154,87,841Keydren Clark\keydren-clark-1,SR,2005-06,G,Saint Peter's,MAAC,32,,273,694,168,372,105,322,189,212,,,132,140,80,8,,,840Quincy Douby\quincy-douby-1,JR,2005-06,G,Rutgers,Big East,33,1211,287,621,171,332,116,289,149,176,,,141,103,58,27,,,839Troy Murphy\troy-murphy-1,SO,1999-00,F,Notre Dame,Big East,37,1318,274,557,244,465,30,92,261,323,,,380,58,52,38,116,101,839Trey Freeman\trey-freeman-2,SR,2015-16,G,Old Dominion,CUSA,38,1333,323,753,272,607,51,146,141,170,21,139,160,115,39,4,48,68,838Gary Trent\gary-trent-1,SO,1993-94,F,Ohio,MAC,33,1119,309,536,300,503,9,33,210,291,,,377,65,28,53,125,78,837Doug McDermott\doug-mcdermott-1,JR,2012-13,F,Creighton,MVC,36,1138,284,518,207,361,77,157,189,216,58,218,276,57,8,2,93,56,834David Holston\david-holston-1,SR,2008-09,G,Chicago State,Ind,32,,269,632,122,237,147,395,145,176,,,119,204,97,0,131,,830Antawn Jamison\antawn-jamison-1,JR,1997-98,F,North Carolina,ACC,37,,316,546,310,531,6,15,184,276,,,389,30,28,30,,,822Billy Baron\billy-baron-1,SR,2013-14,G,Canisius,MAAC,34,1325,247,532,140,278,107,254,220,249,17,149,166,180,56,1,101,38,821Jason Conley\jason-conley-2,FR,2001-02,F,Virginia Military Institute,Southern,28,,285,610,206,373,79,237,171,209,,,224,67,82,11,,,820Ray Allen\ray-allen-1,JR,1995-96,G-F,Connecticut,Big East,35,1098,292,618,177,371,115,247,119,147,,,228,117,60,18,82,46,818Henry Domercant\henry-domercant-1,JR,2001-02,G,Eastern Illinois,OVC,31,,262,600,158,331,104,269,189,212,,,223,67,36,21,,,817Isaiah Rider\isaiah-rider-1,SR,1992-93,F,Nevada-Las Vegas,Big West,28,992,282,548,227,411,55,137,195,236,,,250,71,41,18,,,814James Daniel\james-daniel-1,JR,2015-16,G,Howard,MEAC,30,1115,226,582,146,341,80,241,280,331,22,44,66,84,59,7,123,62,812Jermaine Taylor\jermaine-taylor-1,SR,2008-09,G,Central Florida,CUSA,31,,291,606,199,361,92,245,138,170,,,161,58,39,24,87,,812Henry Domercant\henry-domercant-1,SR,2002-03,G,Eastern Illinois,OVC,29,,252,550,168,352,84,198,222,263,,,199,81,40,15,,,810Gary Neal\gary-neal-1,SR,2006-07,G,Towson,CAA,32,,267,599,174,321,93,278,183,219,,,135,111,46,5,,,810Erick Green\erick-green-1,SR,2012-13,G,Virginia Tech,ACC,32,1166,261,550,200,393,61,157,218,267,15,112,127,121,42,6,69,44,801Doug McDermott\doug-mcdermott-1,SO,2011-12,F,Creighton,MVC,35,1117,307,511,253,400,54,111,133,167,84,204,288,37,7,3,79,61,801Rob McKiver\rob-mckiver-1,SR,2007-08,G,Houston,CUSA,34,,233,588,88,212,145,376,190,215,,,131,99,56,2,86,,801Charron Fisher\charron-fisher-1,SR,2007-08,F,Niagara,MAAC,29,,256,645,187,428,69,217,219,284,,,275,34,49,18,89,,800John Best\john-best-1,SR,1992-93,C,Tennessee Tech,OVC,28,,296,535,292,517,4,18,203,271,,,235,72,40,6,,,799Bryant Reeves\bryant-reeves-1,SR,1994-95,C,Oklahoma State,Big 8,37,1288,289,493,289,488,0,5,219,310,,,350,30,18,60,109,118,797Lee Nailon\lee-nailon-1,JR,1997-98,C,Texas Christian,WAC,32,,329,594,328,592,1,2,137,184,,,285,61,56,33,,,796Richard Hamilton\richard-hamilton-1,SO,1997-98,F,Connecticut,Big East,37,,270,614,171,369,99,245,156,185,,,163,87,54,8,,,795Blake Griffin\blake-griffin-1,SO,2008-09,F,Oklahoma,Big 12,35,,300,459,297,451,3,8,191,324,,,504,80,39,41,116,,794Reggie Holmes\reggie-holmes-1,SR,2009-10,G,Morgan State,MEAC,37,1226,226,583,126,304,100,279,241,294,56,102,158,31,57,6,74,88,793Vin Baker\vin-baker-1,SR,1992-93,C,Hartford,NAC,28,1019,305,639,273,520,32,119,150,240,,,300,54,39,74,81,79,792Luke Harangody\luke-harangody-1,JR,2008-09,F,Notre Dame,Big East,34,,300,653,286,615,14,38,178,229,,,401,70,31,31,62,,792Bubba Wells\bubba-wells-1,JR,1995-96,F,Austin Peay,OVC,30,1083,312,568,278,490,34,78,131,173,,,219,86,48,45,78,59,789Marshon Brooks\marshon-brooks-1,SR,2010-11,G-F,Providence,Big East,32,1168,276,571,209,374,67,197,169,219,72,153,225,80,48,39,98,80,788Ronnie McCollum\ronnie-mccollum-1,SR,2000-01,G,Centenary (LA),Ind,27,,244,592,159,340,85,252,214,236,,,101,32,27,1,,,787Jaycee Carroll\jaycee-carroll-1,SR,2007-08,G,Utah State,WAC,35,,267,508,153,279,114,229,137,149,,,209,76,33,7,70,,785Calbert Cheaney\calbert-cheaney-1,SR,1992-93,F,Indiana,Big Ten,35,1181,303,552,256,442,47,110,132,166,,,223,84,33,10,85,76,785Rob Feaster\rob-feaster-1,JR,1993-94,F,Holy Cross,Patriot,28,,261,553,219,452,42,101,221,315,,,183,59,43,22,,,785Rashad Phillips\rashad-phillips-1,SR,2000-01,G,Detroit Mercy,MW Coll,35,,232,535,96,207,136,328,185,202,,,88,145,35,0,,,785Damian Lillard\damian-lillard-1,JR,2011-12,G,Weber State,Big Sky,32,1105,231,495,137,265,94,230,228,257,17,144,161,128,47,7,74,62,784Ruben Douglas\ruben-douglas-1,SR,2002-03,G,New Mexico,MWC,28,,218,549,124,311,94,238,253,301,,,185,58,35,8,,,783Troy Bell\troy-bell-1,SR,2002-03,G,Boston College,Big East,31,1198,224,508,118,244,106,264,227,268,,,142,115,70,6,79,66,781Kurt Thomas\kurt-thomas-1,SR,1994-95,C,Texas Christian,SWC,27,872,288,526,285,514,3,12,202,283,,,393,32,51,66,77,106,781Steve Burtt\steve-burtt-2,SR,2005-06,G,Iona,MAAC,31,,258,579,162,343,96,236,168,204,,,103,79,22,2,,,780Norris Cole\norris-cole-1,SR,2010-11,G,Cleveland State,Horizon,36,1285,251,572,200,423,51,149,227,266,27,183,210,191,80,3,97,87,780Tyler Haws\tyler-haws-1,SO,2012-13,G,Brigham Young,WCC,36,1235,276,571,233,458,43,113,185,211,49,116,165,71,45,5,71,54,780Grayson Allen\grayson-allen-1,SO,2015-16,G,Duke,ACC,36,1317,239,513,149,297,90,216,211,252,24,141,165,127,47,5,72,98,779Alec Burks\alec-burks-1,SO,2010-11,G,Colorado,Big 12,38,1193,251,535,223,439,28,96,249,302,91,156,247,112,41,12,99,89,779Carmelo Anthony\carmelo-anthony-1,FR,2002-03,F,Syracuse,Big East,35,1274,277,612,221,446,56,166,168,238,,,349,77,55,30,77,77,778Shane Battier\shane-battier-1,SR,2000-01,F,Duke,ACC,39,1363,251,533,127,237,124,296,152,191,,,285,72,82,88,60,80,778Stefon Jackson\stefon-jackson-1,JR,2007-08,G,Texas-El Paso,CUSA,33,,261,562,226,457,35,105,221,303,,,188,57,39,3,77,,778Shawn Respert\shawn-respert-1,JR,1993-94,G,Michigan State,Big Ten,32,1076,272,562,180,357,92,205,142,169,,,127,81,43,5,106,63,778Taylor Coppenrath\taylor-coppenrath-1,SR,2004-05,F,Vermont,AEC,31,,271,524,262,491,9,33,226,295,,,277,60,38,21,,,777Paul Pierce\paul-pierce-1,JR,1997-98,F,Kansas,Big 12,38,,287,559,247,441,40,118,163,221,,,253,98,42,43,,,777Anthony Barber\anthony-cat-barber-1,JR,2015-16,G,North Carolina State,ACC,33,1278,248,572,205,453,43,119,237,274,21,130,151,147,21,2,85,71,776Tyler Haws\tyler-haws-1,SR,2014-15,G,Brigham Young,WCC,35,1125,258,538,204,391,54,147,206,236,46,110,156,83,33,9,69,48,776Bo McCalebb\bo-mccalebb-1,JR,2006-07,G,New Orleans,Sun Belt,31,,287,601,261,523,26,78,176,248,,,211,101,62,5,,,776Mike Sweetney\mike-sweetney-1,JR,2002-03,F,Georgetown,Big East,34,1100,264,483,264,480,0,3,248,336,,,352,66,50,109,71,95,776Keydren Clark\keydren-clark-1,SO,2003-04,G,Saint Peter's,MAAC,29,,233,562,121,267,112,295,197,235,,,124,125,51,4,,,775Wally Szczerbiak\wally-szczerbiak-1,SR,1998-99,F,Miami (OH),MAC,32,1081,270,517,207,340,63,177,172,207,,,272,93,39,32,101,98,775Tucker Neale\tucker-neals-1,JR,1993-94,G,Colgate,Patriot,29,,249,524,154,286,95,238,178,214,,,120,84,48,6,,,771Terry Dehere\terry-dehere-1,SR,1992-93,G,Seton Hall,Big East,35,1203,242,525,158,313,84,212,202,247,,,105,70,40,8,93,75,770Steve Logan\steve-logan-1,SR,2001-02,G,Cincinnati,CUSA,35,,246,538,160,308,86,230,192,220,,,107,187,32,0,,,770Corliss Williamson\corliss-williamson-1,JR,1994-95,F,Arkansas,SEC,39,1208,283,515,282,509,1,6,203,304,,,293,89,67,33,92,106,770MoMo Jones\lamont-jones-1,SR,2012-13,G,Iona,MAAC,34,1246,246,561,190,383,56,178,221,249,24,77,101,116,40,2,114,73,769Marcus Brown\marcus-brown-1,SR,1995-96,G,Murray State,OVC,29,1080,254,536,180,361,74,175,185,220,,,139,119,65,8,102,82,767Antonio Daniels\antonio-daniels-1,SR,1996-97,G,Bowling Green State,MAC,32,1161,279,510,234,406,45,104,164,211,,,90,216,73,10,103,51,767Tyler Haws\tyler-haws-1,JR,2013-14,G,Brigham Young,WCC,33,1143,252,544,212,445,40,99,223,253,33,93,126,49,34,9,63,75,767